1,1275 SE university ave.,105,3,2,
2,1275 SE university ave.,105,3,2
1,1275 SE university ave.,105,3,2,
2,1275 SE university ave.,105,3,2
1,1275 SE university ave.,105,3,2,
2,1275 SE university ave.,105,3,2
1,1275 SE university ave.,105,3,2,
2,1275 SE university ave.,105,3,2
1,1275 SE university ave.,105,3,2,
2,1275 SE university ave.,105,3,2
1,1275 SE university ave.,105,3,2,
2,1275 SE university ave.,105,3,2
1,1275 SE university ave.,105,3,2,
2,1275 SE university ave.,105,3,2
1,
1275 SE university ave.,
105,
3,
2,
2,
1275 SE university ave.,
105,
3,
21,
1275 SE university ave.,
105,
3,
2,
2,
1275 SE university ave.,
105,
3,
21,1275 SE university ave.,105,3,2,
2,1275 SE university ave.,105,3,21,1275 SE university ave.,105,3,2,
2,1275 SE university ave.,105,3,2